[{"model": "loan_app.loan", "pk": 29, "fields": {"amount": 120000.0, "amount_remain": null, "given": "2018-06-26T08:57:00.993Z", "closed": "2027-01-01", "is_outdated": false, "expected_payment": null, "pay_interest": null, "type": 1, "status": null, "profile": null}}, {"model": "loan_app.loan", "pk": 30, "fields": {"amount": 120000.0, "amount_remain": null, "given": "2018-06-26T08:58:32.390Z", "closed": "2027-01-01", "is_outdated": false, "expected_payment": null, "pay_interest": null, "type": 1, "status": null, "profile": null}}, {"model": "loan_app.loan", "pk": 31, "fields": {"amount": 120000.0, "amount_remain": null, "given": "2018-06-26T09:00:26.347Z", "closed": "2027-01-01", "is_outdated": false, "expected_payment": null, "pay_interest": null, "type": 1, "status": null, "profile": null}}, {"model": "loan_app.loan", "pk": 32, "fields": {"amount": 120000.0, "amount_remain": 3400.0, "given": "2018-06-26T09:04:15.258Z", "closed": "2027-01-01", "is_outdated": false, "expected_payment": 46.287367405978785, "pay_interest": 4800.0, "type": 1, "status": 3, "profile": 12}}, {"model": "loan_app.loan", "pk": 34, "fields": {"amount": 70000.0, "amount_remain": 72097.0, "given": "2018-06-26T09:10:43.275Z", "closed": "2027-01-01", "is_outdated": false, "expected_payment": 702.0250723240116, "pay_interest": 2800.0, "type": 1, "status": 3, "profile": 12}}, {"model": "loan_app.loantype", "pk": 1, "fields": {"name": "Buy a lory", "description": "For buying a business car", "interest": 4.0, "penalty": 6.0, "client_classes": [1]}}, {"model": "loan_app.loantype", "pk": 2, "fields": {"name": "Zapoy-credit", "description": "To buy vodka and zakus`", "interest": 10.0, "penalty": 15.0, "client_classes": [2]}}, {"model": "loan_app.status", "pk": 1, "fields": {"name": "Closed", "code": "1"}}, {"model": "loan_app.status", "pk": 2, "fields": {"name": "outdated", "code": "2"}}, {"model": "loan_app.status", "pk": 3, "fields": {"name": "Fine", "code": "3"}}, {"model": "loan_app.payments", "pk": 6, "fields": {"loan": 32, "amount": 1400.0, "is_suffise": true, "date": "2018-06-26T09:10:10.422Z"}}, {"model": "loan_app.payments", "pk": 7, "fields": {"loan": 34, "amount": 703.0, "is_suffise": true, "date": "2018-06-26T09:11:08.103Z"}}, {"model": "profile_app.employmenttype", "pk": 1, "fields": {"name": "Full day", "descriptinon": "45/weak work in the office/or factory", "value": 5.0}}, {"model": "profile_app.employmenttype", "pk": 2, "fields": {"name": "Half-day", "descriptinon": "24 per weak work in office", "value": 2.0}}, {"model": "profile_app.clientclass", "pk": 1, "fields": {"name": "Business-small", "descriptinon": "Small businessman looking for money to improove service", "weight": 200.0}}, {"model": "profile_app.clientclass", "pk": 2, "fields": {"name": "Alkash", "descriptinon": "Alkash needs money, to buy some vodka", "weight": 10.0}}, {"model": "contenttypes.contenttype", "pk": 1, "fields": {"app_label": "admin", "model": "logentry"}}, {"model": "contenttypes.contenttype", "pk": 2, "fields": {"app_label": "auth", "model": "permission"}}, {"model": "contenttypes.contenttype", "pk": 3, "fields": {"app_label": "auth", "model": "group"}}, {"model": "contenttypes.contenttype", "pk": 4, "fields": {"app_label": "auth", "model": "user"}}, {"model": "contenttypes.contenttype", "pk": 5, "fields": {"app_label": "contenttypes", "model": "contenttype"}}, {"model": "contenttypes.contenttype", "pk": 6, "fields": {"app_label": "sessions", "model": "session"}}, {"model": "contenttypes.contenttype", "pk": 7, "fields": {"app_label": "loan_app", "model": "status"}}, {"model": "contenttypes.contenttype", "pk": 8, "fields": {"app_label": "loan_app", "model": "loantype"}}, {"model": "contenttypes.contenttype", "pk": 9, "fields": {"app_label": "loan_app", "model": "payments"}}, {"model": "contenttypes.contenttype", "pk": 10, "fields": {"app_label": "loan_app", "model": "loan"}}, {"model": "contenttypes.contenttype", "pk": 11, "fields": {"app_label": "profile_app", "model": "contact"}}, {"model": "contenttypes.contenttype", "pk": 12, "fields": {"app_label": "profile_app", "model": "employmenttype"}}, {"model": "contenttypes.contenttype", "pk": 13, "fields": {"app_label": "profile_app", "model": "clientclass"}}, {"model": "contenttypes.contenttype", "pk": 14, "fields": {"app_label": "profile_app", "model": "profile"}}, {"model": "sessions.session", "pk": "ejl1vzkvvj8hx5gtlvkdjtvvnudkbzjk", "fields": {"session_data": "YjI4YmUxNzM0OWJmMmQyY2FkY2U4ZDU0M2I0NjZhNzUzYzdmNGEwYTp7Il9hdXRoX3VzZXJfaWQiOiIxIiwiX2F1dGhfdXNlcl9iYWNrZW5kIjoiZGphbmdvLmNvbnRyaWIuYXV0aC5iYWNrZW5kcy5Nb2RlbEJhY2tlbmQiLCJfYXV0aF91c2VyX2hhc2giOiJlYzY4ZTkwMzBhMDc3ZGFiM2NiMzIyOWE0NjM3MmQ5M2FmMmU2OTM5In0=", "expire_date": "2018-07-07T08:33:53.517Z"}}, {"model": "sessions.session", "pk": "hl1v8wozxnj4vxrlxq7mprty985icsck", "fields": {"session_data": "NWQ2MzQ2YTViNTZjMjI1YjhmNzgyNzkxMDU0ZTcyNTJlZDJiYWU4Zjp7Il9hdXRoX3VzZXJfaWQiOiIxNCIsIl9hdXRoX3VzZXJfYmFja2VuZCI6ImRqYW5nby5jb250cmliLmF1dGguYmFja2VuZHMuTW9kZWxCYWNrZW5kIiwiX2F1dGhfdXNlcl9oYXNoIjoiNjJkMDY1ZmJlMmZlYjdjNmM0ZmMxMjM0MWEzODE4NDg3MjMzMTM5MiJ9", "expire_date": "2018-07-10T16:36:41.710Z"}}, {"model": "sessions.session", "pk": "jvpkahta7shcf550s8dct8corp4ura7w", "fields": {"session_data": "NWQ2MzQ2YTViNTZjMjI1YjhmNzgyNzkxMDU0ZTcyNTJlZDJiYWU4Zjp7Il9hdXRoX3VzZXJfaWQiOiIxNCIsIl9hdXRoX3VzZXJfYmFja2VuZCI6ImRqYW5nby5jb250cmliLmF1dGguYmFja2VuZHMuTW9kZWxCYWNrZW5kIiwiX2F1dGhfdXNlcl9oYXNoIjoiNjJkMDY1ZmJlMmZlYjdjNmM0ZmMxMjM0MWEzODE4NDg3MjMzMTM5MiJ9", "expire_date": "2018-07-10T17:18:38.579Z"}}, {"model": "auth.permission", "pk": 1, "fields": {"name": "Can add log entry", "content_type": 1, "codename": "add_logentry"}}, {"model": "auth.permission", "pk": 2, "fields": {"name": "Can change log entry", "content_type": 1, "codename": "change_logentry"}}, {"model": "auth.permission", "pk": 3, "fields": {"name": "Can delete log entry", "content_type": 1, "codename": "delete_logentry"}}, {"model": "auth.permission", "pk": 4, "fields": {"name": "Can add permission", "content_type": 2, "codename": "add_permission"}}, {"model": "auth.permission", "pk": 5, "fields": {"name": "Can change permission", "content_type": 2, "codename": "change_permission"}}, {"model": "auth.permission", "pk": 6, "fields": {"name": "Can delete permission", "content_type": 2, "codename": "delete_permission"}}, {"model": "auth.permission", "pk": 7, "fields": {"name": "Can add group", "content_type": 3, "codename": "add_group"}}, {"model": "auth.permission", "pk": 8, "fields": {"name": "Can change group", "content_type": 3, "codename": "change_group"}}, {"model": "auth.permission", "pk": 9, "fields": {"name": "Can delete group", "content_type": 3, "codename": "delete_group"}}, {"model": "auth.permission", "pk": 10, "fields": {"name": "Can add user", "content_type": 4, "codename": "add_user"}}, {"model": "auth.permission", "pk": 11, "fields": {"name": "Can change user", "content_type": 4, "codename": "change_user"}}, {"model": "auth.permission", "pk": 12, "fields": {"name": "Can delete user", "content_type": 4, "codename": "delete_user"}}, {"model": "auth.permission", "pk": 13, "fields": {"name": "Can add content type", "content_type": 5, "codename": "add_contenttype"}}, {"model": "auth.permission", "pk": 14, "fields": {"name": "Can change content type", "content_type": 5, "codename": "change_contenttype"}}, {"model": "auth.permission", "pk": 15, "fields": {"name": "Can delete content type", "content_type": 5, "codename": "delete_contenttype"}}, {"model": "auth.permission", "pk": 16, "fields": {"name": "Can add session", "content_type": 6, "codename": "add_session"}}, {"model": "auth.permission", "pk": 17, "fields": {"name": "Can change session", "content_type": 6, "codename": "change_session"}}, {"model": "auth.permission", "pk": 18, "fields": {"name": "Can delete session", "content_type": 6, "codename": "delete_session"}}, {"model": "auth.permission", "pk": 19, "fields": {"name": "Can add status", "content_type": 7, "codename": "add_status"}}, {"model": "auth.permission", "pk": 20, "fields": {"name": "Can change status", "content_type": 7, "codename": "change_status"}}, {"model": "auth.permission", "pk": 21, "fields": {"name": "Can delete status", "content_type": 7, "codename": "delete_status"}}, {"model": "auth.permission", "pk": 22, "fields": {"name": "Can add loan type", "content_type": 8, "codename": "add_loantype"}}, {"model": "auth.permission", "pk": 23, "fields": {"name": "Can change loan type", "content_type": 8, "codename": "change_loantype"}}, {"model": "auth.permission", "pk": 24, "fields": {"name": "Can delete loan type", "content_type": 8, "codename": "delete_loantype"}}, {"model": "auth.permission", "pk": 25, "fields": {"name": "Can add payments", "content_type": 9, "codename": "add_payments"}}, {"model": "auth.permission", "pk": 26, "fields": {"name": "Can change payments", "content_type": 9, "codename": "change_payments"}}, {"model": "auth.permission", "pk": 27, "fields": {"name": "Can delete payments", "content_type": 9, "codename": "delete_payments"}}, {"model": "auth.permission", "pk": 28, "fields": {"name": "Can add loan", "content_type": 10, "codename": "add_loan"}}, {"model": "auth.permission", "pk": 29, "fields": {"name": "Can change loan", "content_type": 10, "codename": "change_loan"}}, {"model": "auth.permission", "pk": 30, "fields": {"name": "Can delete loan", "content_type": 10, "codename": "delete_loan"}}, {"model": "auth.permission", "pk": 31, "fields": {"name": "Can add contact", "content_type": 11, "codename": "add_contact"}}, {"model": "auth.permission", "pk": 32, "fields": {"name": "Can change contact", "content_type": 11, "codename": "change_contact"}}, {"model": "auth.permission", "pk": 33, "fields": {"name": "Can delete contact", "content_type": 11, "codename": "delete_contact"}}, {"model": "auth.permission", "pk": 34, "fields": {"name": "Can add employment type", "content_type": 12, "codename": "add_employmenttype"}}, {"model": "auth.permission", "pk": 35, "fields": {"name": "Can change employment type", "content_type": 12, "codename": "change_employmenttype"}}, {"model": "auth.permission", "pk": 36, "fields": {"name": "Can delete employment type", "content_type": 12, "codename": "delete_employmenttype"}}, {"model": "auth.permission", "pk": 37, "fields": {"name": "Can add client class", "content_type": 13, "codename": "add_clientclass"}}, {"model": "auth.permission", "pk": 38, "fields": {"name": "Can change client class", "content_type": 13, "codename": "change_clientclass"}}, {"model": "auth.permission", "pk": 39, "fields": {"name": "Can delete client class", "content_type": 13, "codename": "delete_clientclass"}}, {"model": "auth.permission", "pk": 40, "fields": {"name": "Can add profile", "content_type": 14, "codename": "add_profile"}}, {"model": "auth.permission", "pk": 41, "fields": {"name": "Can change profile", "content_type": 14, "codename": "change_profile"}}, {"model": "auth.permission", "pk": 42, "fields": {"name": "Can delete profile", "content_type": 14, "codename": "delete_profile"}}, {"model": "auth.user", "pk": 1, "fields": {"password": "pbkdf2_sha256$100000$vBLvCFKnuoVO$dl+5OHDHooNcs0tu16v1HnR7IZZeDtKE31gyue2OC7M=", "last_login": "2018-06-25T18:23:36.501Z", "is_superuser": true, "username": "Pony", "first_name": "", "last_name": "", "email": "dfdasd@dsad.com", "is_staff": true, "is_active": true, "date_joined": "2018-06-23T08:33:09.403Z", "groups": [], "user_permissions": []}}, {"model": "auth.user", "pk": 2, "fields": {"password": "TAVRIA8899", "last_login": null, "is_superuser": false, "username": "Pony322", "first_name": "", "last_name": "", "email": "fvxcvx@ds.com", "is_staff": false, "is_active": true, "date_joined": "2018-06-24T06:48:52.082Z", "groups": [], "user_permissions": []}}, {"model": "auth.user", "pk": 3, "fields": {"password": "dfxgvdfgdf", "last_login": null, "is_superuser": false, "username": "Pony32223", "first_name": "", "last_name": "", "email": "fvxcvx@dsd.com", "is_staff": false, "is_active": true, "date_joined": "2018-06-24T06:55:12.979Z", "groups": [], "user_permissions": []}}, {"model": "auth.user", "pk": 4, "fields": {"password": "werwerwe", "last_login": null, "is_superuser": false, "username": "Pony322f23", "first_name": "", "last_name": "", "email": "fvxfcvx@dsd.com", "is_staff": false, "is_active": true, "date_joined": "2018-06-24T06:57:10.205Z", "groups": [], "user_permissions": []}}, {"model": "auth.user", "pk": 5, "fields": {"password": "TAVRIA8899", "last_login": null, "is_superuser": false, "username": "Ponyss2", "first_name": "", "last_name": "", "email": "asdas@sada.com", "is_staff": false, "is_active": true, "date_joined": "2018-06-24T07:00:59.187Z", "groups": [], "user_permissions": []}}, {"model": "auth.user", "pk": 6, "fields": {"password": "TAVRIA8899", "last_login": null, "is_superuser": false, "username": "Pony123gfd", "first_name": "", "last_name": "", "email": "fghfg@dfs.com", "is_staff": false, "is_active": true, "date_joined": "2018-06-24T07:35:07.971Z", "groups": [], "user_permissions": []}}, {"model": "auth.user", "pk": 7, "fields": {"password": "TAVRIA8899", "last_login": null, "is_superuser": false, "username": "Pony453452", "first_name": "", "last_name": "", "email": "sdfsdf23234rsdf@as.com", "is_staff": false, "is_active": true, "date_joined": "2018-06-24T08:04:52.429Z", "groups": [], "user_permissions": []}}, {"model": "auth.user", "pk": 8, "fields": {"password": "TAVRIA8899", "last_login": null, "is_superuser": false, "username": "Pony2", "first_name": "", "last_name": "", "email": "dgdfgdf@ghn.com", "is_staff": false, "is_active": true, "date_joined": "2018-06-24T08:07:34.954Z", "groups": [], "user_permissions": []}}, {"model": "auth.user", "pk": 10, "fields": {"password": "pbkdf2_sha256$100000$kiVb9knXS9gu$kE1rC1IS4f06BixhpL9Imqy0o+Z4JHwpXKbnuoxFBbw=", "last_login": null, "is_superuser": false, "username": "GLAD", "first_name": "", "last_name": "", "email": "glad3@glad.com", "is_staff": false, "is_active": true, "date_joined": "2018-06-24T09:54:50.708Z", "groups": [], "user_permissions": []}}, {"model": "auth.user", "pk": 11, "fields": {"password": "pbkdf2_sha256$100000$5AV5qENRbOwW$e98Zp9/FOUGr7TN3gPz0kuwBZOA6cKiBUZnOEZnY9+I=", "last_login": null, "is_superuser": false, "username": "GLAD223", "first_name": "", "last_name": "", "email": "glad223@glad.com", "is_staff": false, "is_active": true, "date_joined": "2018-06-24T10:25:00.814Z", "groups": [], "user_permissions": []}}, {"model": "auth.user", "pk": 12, "fields": {"password": "pbkdf2_sha256$100000$rVR2IXYUF9mW$aHpyvET2ASIPKXD7s7TIV7kwX7GI87hAnDrRDFshjmU=", "last_login": null, "is_superuser": false, "username": "GLAD223cc", "first_name": "", "last_name": "", "email": "sdfsdf23234rssdf@as.com", "is_staff": false, "is_active": true, "date_joined": "2018-06-24T10:27:22.972Z", "groups": [], "user_permissions": []}}, {"model": "auth.user", "pk": 13, "fields": {"password": "pbkdf2_sha256$100000$qDRVbAzDMnlT$iDwVeOBcru++0310/omzI/IN9gtAed7pHbjgX9Ni1f4=", "last_login": null, "is_superuser": false, "username": "GLAD223ccs", "first_name": "", "last_name": "", "email": "123dscf@ga.com", "is_staff": false, "is_active": true, "date_joined": "2018-06-24T10:48:00.194Z", "groups": [], "user_permissions": []}}, {"model": "auth.user", "pk": 14, "fields": {"password": "pbkdf2_sha256$100000$5SyWjBlt0gSk$68ZqFvjWLtdujdl76k65/JUn8//+YHMKl/fQVXCXE1U=", "last_login": "2018-06-26T17:18:38.528Z", "is_superuser": false, "username": "Test", "first_name": "", "last_name": "", "email": "Test@test.com", "is_staff": false, "is_active": true, "date_joined": "2018-06-24T16:34:57.112Z", "groups": [], "user_permissions": []}}, {"model": "auth.user", "pk": 15, "fields": {"password": "pbkdf2_sha256$100000$DEIjmKWJR84k$AqgSEwY6Bb/xGsjwfaLAJqLIV1t2YNrCa3gSBeUiTZA=", "last_login": null, "is_superuser": false, "username": "Test2", "first_name": "", "last_name": "", "email": "Test2@ds.com", "is_staff": false, "is_active": true, "date_joined": "2018-06-25T12:16:20.091Z", "groups": [], "user_permissions": []}}, {"model": "auth.user", "pk": 16, "fields": {"password": "pbkdf2_sha256$100000$K082TMIqMCcG$4jGgTwDNLqSX0Qs5rBCBekpSZTfW4R5bVd92MxIlpsU=", "last_login": "2018-06-25T19:33:32.320Z", "is_superuser": false, "username": "Test3", "first_name": "", "last_name": "", "email": "Test3@test3.com", "is_staff": false, "is_active": true, "date_joined": "2018-06-25T17:11:13.898Z", "groups": [], "user_permissions": []}}, {"model": "admin.logentry", "pk": 1, "fields": {"action_time": "2018-06-23T08:34:45.328Z", "user": 1, "content_type": 12, "object_id": "1", "object_repr": "EmploymentType object (1)", "action_flag": 1, "change_message": "[{\"added\": {}}]"}}, {"model": "admin.logentry", "pk": 2, "fields": {"action_time": "2018-06-23T08:36:11.043Z", "user": 1, "content_type": 12, "object_id": "2", "object_repr": "EmploymentType object (2)", "action_flag": 1, "change_message": "[{\"added\": {}}]"}}, {"model": "admin.logentry", "pk": 3, "fields": {"action_time": "2018-06-23T08:38:35.680Z", "user": 1, "content_type": 13, "object_id": "1", "object_repr": "ClientClass object (1)", "action_flag": 1, "change_message": "[{\"added\": {}}]"}}, {"model": "admin.logentry", "pk": 4, "fields": {"action_time": "2018-06-23T08:39:38.310Z", "user": 1, "content_type": 13, "object_id": "2", "object_repr": "ClientClass object (2)", "action_flag": 1, "change_message": "[{\"added\": {}}]"}}, {"model": "admin.logentry", "pk": 5, "fields": {"action_time": "2018-06-24T11:46:31.501Z", "user": 1, "content_type": 8, "object_id": "1", "object_repr": "Buy a lory", "action_flag": 1, "change_message": "[{\"added\": {}}]"}}, {"model": "admin.logentry", "pk": 6, "fields": {"action_time": "2018-06-24T11:47:08.096Z", "user": 1, "content_type": 8, "object_id": "1", "object_repr": "Buy a lory", "action_flag": 2, "change_message": "[{\"changed\": {\"fields\": [\"client_classes\"]}}]"}}, {"model": "admin.logentry", "pk": 7, "fields": {"action_time": "2018-06-24T11:47:16.515Z", "user": 1, "content_type": 8, "object_id": "1", "object_repr": "Buy a lory", "action_flag": 2, "change_message": "[{\"changed\": {\"fields\": [\"client_classes\"]}}]"}}, {"model": "admin.logentry", "pk": 8, "fields": {"action_time": "2018-06-24T11:48:14.345Z", "user": 1, "content_type": 8, "object_id": "2", "object_repr": "Zapoy-credit", "action_flag": 1, "change_message": "[{\"added\": {}}]"}}, {"model": "admin.logentry", "pk": 9, "fields": {"action_time": "2018-06-24T11:49:00.500Z", "user": 1, "content_type": 7, "object_id": "1", "object_repr": "Closed", "action_flag": 1, "change_message": "[{\"added\": {}}]"}}, {"model": "admin.logentry", "pk": 10, "fields": {"action_time": "2018-06-24T11:49:25.606Z", "user": 1, "content_type": 7, "object_id": "2", "object_repr": "outdated", "action_flag": 1, "change_message": "[{\"added\": {}}]"}}, {"model": "admin.logentry", "pk": 11, "fields": {"action_time": "2018-06-24T11:50:00.096Z", "user": 1, "content_type": 7, "object_id": "3", "object_repr": "Fine", "action_flag": 1, "change_message": "[{\"added\": {}}]"}}, {"model": "admin.logentry", "pk": 12, "fields": {"action_time": "2018-06-25T14:22:29.907Z", "user": 1, "content_type": 10, "object_id": "1", "object_repr": "Loan object (1)", "action_flag": 1, "change_message": "[{\"added\": {}}]"}}, {"model": "admin.logentry", "pk": 13, "fields": {"action_time": "2018-06-25T17:42:48.291Z", "user": 1, "content_type": 10, "object_id": "2", "object_repr": "Loan object (2)", "action_flag": 1, "change_message": "[{\"added\": {}}]"}}, {"model": "admin.logentry", "pk": 14, "fields": {"action_time": "2018-06-25T18:11:12.829Z", "user": 1, "content_type": 10, "object_id": "3", "object_repr": "Loan object (3)", "action_flag": 1, "change_message": "[{\"added\": {}}]"}}, {"model": "admin.logentry", "pk": 15, "fields": {"action_time": "2018-06-25T18:23:54.037Z", "user": 1, "content_type": 10, "object_id": "4", "object_repr": "Loan object (4)", "action_flag": 1, "change_message": "[{\"added\": {}}]"}}, {"model": "profile_app.profile", "pk": 1, "fields": {"income_yearly": 2285546.0, "employer_name": "Ssss", "birth_date": "2018-06-23", "last_loan_taken": null, "last_loan_paid": null, "profile_updated": "2018-06-24T08:09:33.769Z", "employment_type": 1, "client_class": null, "user": null}}, {"model": "profile_app.profile", "pk": 2, "fields": {"income_yearly": 2285546.0, "employer_name": "Ssss", "birth_date": "2018-06-23", "last_loan_taken": null, "last_loan_paid": null, "profile_updated": "2018-06-24T08:12:55.634Z", "employment_type": 1, "client_class": 1, "user": 8}}, {"model": "profile_app.profile", "pk": 3, "fields": {"income_yearly": 12000.0, "employer_name": "gsghsfg", "birth_date": "2009-06-23", "last_loan_taken": null, "last_loan_paid": null, "profile_updated": "2018-06-24T10:25:23.373Z", "employment_type": 1, "client_class": null, "user": null}}, {"model": "profile_app.profile", "pk": 4, "fields": {"income_yearly": 12000.0, "employer_name": "gsghsfg", "birth_date": "2009-06-23", "last_loan_taken": null, "last_loan_paid": null, "profile_updated": "2018-06-24T10:25:55.630Z", "employment_type": 1, "client_class": null, "user": null}}, {"model": "profile_app.profile", "pk": 5, "fields": {"income_yearly": 12000.0, "employer_name": "gsghsfg", "birth_date": "2009-06-23", "last_loan_taken": null, "last_loan_paid": null, "profile_updated": "2018-06-24T10:26:15.539Z", "employment_type": 1, "client_class": null, "user": 11}}, {"model": "profile_app.profile", "pk": 6, "fields": {"income_yearly": 11111.0, "employer_name": "sdfsfs", "birth_date": "2009-06-23", "last_loan_taken": null, "last_loan_paid": null, "profile_updated": "2018-06-24T10:27:35.795Z", "employment_type": 2, "client_class": null, "user": null}}, {"model": "profile_app.profile", "pk": 7, "fields": {"income_yearly": 11111.0, "employer_name": "sdfsfs", "birth_date": "2009-06-23", "last_loan_taken": null, "last_loan_paid": null, "profile_updated": "2018-06-24T10:27:51.785Z", "employment_type": 2, "client_class": null, "user": null}}, {"model": "profile_app.profile", "pk": 8, "fields": {"income_yearly": 11111.0, "employer_name": "sdfsfs", "birth_date": "2009-06-23", "last_loan_taken": null, "last_loan_paid": null, "profile_updated": "2018-06-24T10:27:57.524Z", "employment_type": 2, "client_class": null, "user": null}}, {"model": "profile_app.profile", "pk": 9, "fields": {"income_yearly": 11111.0, "employer_name": "sdfsfs", "birth_date": "2009-06-23", "last_loan_taken": null, "last_loan_paid": null, "profile_updated": "2018-06-24T10:28:15.304Z", "employment_type": 2, "client_class": null, "user": 12}}, {"model": "profile_app.profile", "pk": 10, "fields": {"income_yearly": 12000.0, "employer_name": "2dfbdfbvdfbd", "birth_date": "1990-06-23", "last_loan_taken": null, "last_loan_paid": null, "profile_updated": "2018-06-24T10:49:51.195Z", "employment_type": 1, "client_class": null, "user": null}}, {"model": "profile_app.profile", "pk": 11, "fields": {"income_yearly": 12000.0, "employer_name": "2dfbdfbvdfbd", "birth_date": "1990-06-23", "last_loan_taken": null, "last_loan_paid": null, "profile_updated": "2018-06-24T10:50:35.442Z", "employment_type": 1, "client_class": 1, "user": 13}}, {"model": "profile_app.profile", "pk": 12, "fields": {"income_yearly": 120000.0, "employer_name": "Testemp", "birth_date": "1900-06-23", "last_loan_taken": null, "last_loan_paid": null, "profile_updated": "2018-06-24T16:35:19.752Z", "employment_type": 2, "client_class": 1, "user": 14}}, {"model": "profile_app.profile", "pk": 13, "fields": {"income_yearly": 12000000.0, "employer_name": "Lol", "birth_date": "1993-06-06", "last_loan_taken": null, "last_loan_paid": null, "profile_updated": "2018-06-25T12:16:51.003Z", "employment_type": 1, "client_class": 1, "user": 15}}, {"model": "profile_app.profile", "pk": 14, "fields": {"income_yearly": 9000000.0, "employer_name": "Daun", "birth_date": "1983-06-07", "last_loan_taken": null, "last_loan_paid": null, "profile_updated": "2018-06-25T17:11:42.914Z", "employment_type": 1, "client_class": 1, "user": 16}}]